insert into working_hours (id, active, opens, closes) values ('621cce904343d3504b1111', true, '08:00:00', '14:00:00');
insert into working_hours (id, active, opens, closes) values ('621cce904343d3504b1112', true, '08:00:00', '18:00:00');
insert into working_hours (id, active, opens, closes) values ('621cce904343d3504b1113', true, '08:00:00', '18:00:00');
insert into working_hours (id, active, opens, closes) values ('621cce904343d3504b1114', true, '09:00:00', '16:00:00');

insert into faculty (id, active, name, working_hours_id) values ('621cce904343d3504b31255b', true, 'Fakultet tehničkih nauka', '621cce904343d3504b1111');
insert into faculty (id, active, name, working_hours_id) values ('621cce904fe28ca82550bc67', true, 'Prirodno-matematički fakultet', '621cce904343d3504b1112');
insert into faculty (id, active, name, working_hours_id) values ('621cce90b11c90d836e0cea9', true, 'Tehnološki fakultet', '621cce904343d3504b1113');
insert into faculty (id, active, name, working_hours_id) values ('621cce90d28fe17b49ad939a', true, 'Pravni fakultet', '621cce904343d3504b1114');

insert into room (id, active, name, faculty_id) values ('621cce90b707f8b3243a2917', true, 'Čitaonica', '621cce904343d3504b31255b');
insert into room (id, active, name, faculty_id) values ('621cce90d1ccbdd3e7689298', true, 'Čitaonica', '621cce904fe28ca82550bc67');
insert into room (id, active, name, faculty_id) values ('621cce9014d07d5083dc7668', true, 'Učionica 215', '621cce904fe28ca82550bc67');
insert into room (id, active, name, faculty_id) values ('621cce90533241aed2dbd8eb', true, 'Čitaonica', '621cce90b11c90d836e0cea9');
insert into room (id, active, name, faculty_id) values ('621cce908b1823d75b8d4ac8', true, 'Virxo', '621cce90b11c90d836e0cea9');
insert into room (id, active, name, faculty_id) values ('621cce90ac116b59528474a2', true, 'Čitaonica', '621cce90d28fe17b49ad939a');

insert into desk (id, active, desk_order, room_id) values ('621cce909b54e1187d9d1cc2', true, 0, '621cce90b707f8b3243a2917');
insert into desk (id, active, desk_order, room_id) values ('621cce90af817dc0d01cb474', true, 1, '621cce90b707f8b3243a2917');
insert into desk (id, active, desk_order, room_id) values ('621cce9040882facde168eec', true, 2, '621cce90b707f8b3243a2917');
insert into desk (id, active, desk_order, room_id) values ('621cce90d6255b1e889aa2ae', true, 3, '621cce90b707f8b3243a2917');
insert into desk (id, active, desk_order, room_id) values ('621cce90d9de7aa5bd527c08', true, 4, '621cce90b707f8b3243a2917');
insert into desk (id, active, desk_order, room_id) values ('621cce908b7bae8e06b776e5', true, 5, '621cce90b707f8b3243a2917');

insert into desk (id, active, desk_order, room_id) values ('621cce9053d869d4dddba7f2', true, 0, '621cce90d1ccbdd3e7689298');
insert into desk (id, active, desk_order, room_id) values ('621cce9091fc01f11eb1bbdd', true, 1, '621cce90d1ccbdd3e7689298');
insert into desk (id, active, desk_order, room_id) values ('621cce901cda9c208cfcced3', true, 2, '621cce90d1ccbdd3e7689298');
insert into desk (id, active, desk_order, room_id) values ('621cce906be7ce8be55c80e4', true, 3, '621cce90d1ccbdd3e7689298');
insert into desk (id, active, desk_order, room_id) values ('621cce9031ee461bf0fd53e4', true, 4, '621cce90d1ccbdd3e7689298');
insert into desk (id, active, desk_order, room_id) values ('621cce9080a58d8b5a3db294', true, 5, '621cce90d1ccbdd3e7689298');
insert into desk (id, active, desk_order, room_id) values ('621cce904baa93f036883ffc', true, 6, '621cce90d1ccbdd3e7689298');
insert into desk (id, active, desk_order, room_id) values ('621cce90e65f19de77981aec', true, 7, '621cce90d1ccbdd3e7689298');
insert into desk (id, active, desk_order, room_id) values ('621cce90a9997abf8a44906f', true, 8, '621cce90d1ccbdd3e7689298');
insert into desk (id, active, desk_order, room_id) values ('621cce90aae4ad6ff70b221d', true, 9, '621cce90d1ccbdd3e7689298');
insert into desk (id, active, desk_order, room_id) values ('621cce902bd54e9985f47979', true, 10, '621cce90d1ccbdd3e7689298');
insert into desk (id, active, desk_order, room_id) values ('621cce90f9bc1f6d30bc4eb0', true, 11, '621cce90d1ccbdd3e7689298');
insert into desk (id, active, desk_order, room_id) values ('621cce9002c8b47dbb917179', true, 12, '621cce90d1ccbdd3e7689298');
insert into desk (id, active, desk_order, room_id) values ('621cce905985e9be38a1c7b8', true, 13, '621cce90d1ccbdd3e7689298');
insert into desk (id, active, desk_order, room_id) values ('621cce90188466a0595dd34d', true, 14, '621cce90d1ccbdd3e7689298');

insert into desk (id, active, desk_order, room_id) values ('621cce90c6de399387de1016', true, 0, '621cce9014d07d5083dc7668');
insert into desk (id, active, desk_order, room_id) values ('621cce904d4878d451f8af63', true, 1, '621cce9014d07d5083dc7668');
insert into desk (id, active, desk_order, room_id) values ('621cce90a194c3347f5d6cc9', true, 2, '621cce9014d07d5083dc7668');
insert into desk (id, active, desk_order, room_id) values ('621cce904e24654b843f4f3b', true, 3, '621cce9014d07d5083dc7668');
insert into desk (id, active, desk_order, room_id) values ('621cce90160c08da0ab9a3dd', true, 4, '621cce9014d07d5083dc7668');
insert into desk (id, active, desk_order, room_id) values ('621cce906352863eb142ac57', true, 5, '621cce9014d07d5083dc7668');
insert into desk (id, active, desk_order, room_id) values ('621cce902079d295435975ca', true, 6, '621cce9014d07d5083dc7668');
insert into desk (id, active, desk_order, room_id) values ('621cce909f9e42f77908c705', true, 7, '621cce9014d07d5083dc7668');
insert into desk (id, active, desk_order, room_id) values ('621cce904f27658898decb4e', true, 8, '621cce9014d07d5083dc7668');
insert into desk (id, active, desk_order, room_id) values ('621cce908885aeac72a64677', true, 9, '621cce9014d07d5083dc7668');
insert into desk (id, active, desk_order, room_id) values ('621cce9007a3cafc3ef4c15c', true, 10, '621cce9014d07d5083dc7668');
insert into desk (id, active, desk_order, room_id) values ('621cce909d443f2bb2511f7b', true, 11, '621cce9014d07d5083dc7668');
insert into desk (id, active, desk_order, room_id) values ('621cce904b3e185aa595531f', true, 12, '621cce9014d07d5083dc7668');
insert into desk (id, active, desk_order, room_id) values ('621cce903fb990983ab1fce8', true, 13, '621cce9014d07d5083dc7668');
insert into desk (id, active, desk_order, room_id) values ('621cce9001dd4c916a031f13', true, 14, '621cce9014d07d5083dc7668');
insert into desk (id, active, desk_order, room_id) values ('621cce90fd7c05d05dfd9643', true, 15, '621cce9014d07d5083dc7668');

insert into desk (id, active, desk_order, room_id) values ('621cce902ba42cfcd5ccf682', true, 0, '621cce90533241aed2dbd8eb');
insert into desk (id, active, desk_order, room_id) values ('621cce9046d19b3238800adb', true, 1, '621cce90533241aed2dbd8eb');
insert into desk (id, active, desk_order, room_id) values ('621cce905bf91d8f0494f2af', true, 2, '621cce90533241aed2dbd8eb');
insert into desk (id, active, desk_order, room_id) values ('621cce90226b154748980d48', true, 3, '621cce90533241aed2dbd8eb');
insert into desk (id, active, desk_order, room_id) values ('621cce90e919a3f7e0d9db7d', true, 4, '621cce90533241aed2dbd8eb');

insert into desk (id, active, desk_order, room_id) values ('621cce90dc520c1a168405b9', true, 0, '621cce908b1823d75b8d4ac8');
insert into desk (id, active, desk_order, room_id) values ('621cce900b0b2afafdb60deb', true, 1, '621cce908b1823d75b8d4ac8');
insert into desk (id, active, desk_order, room_id) values ('621cce90ded200ad25e383cf', true, 2, '621cce908b1823d75b8d4ac8');
insert into desk (id, active, desk_order, room_id) values ('621cce90e5e25f502604cfd8', true, 3, '621cce908b1823d75b8d4ac8');
insert into desk (id, active, desk_order, room_id) values ('621cce90263fcc50ff791679', true, 4, '621cce908b1823d75b8d4ac8');
insert into desk (id, active, desk_order, room_id) values ('621cce900afa0e4923a1a83b', true, 5, '621cce908b1823d75b8d4ac8');
insert into desk (id, active, desk_order, room_id) values ('621cce90274f4518f13f7247', true, 6, '621cce908b1823d75b8d4ac8');
insert into desk (id, active, desk_order, room_id) values ('621cce90ff7296828043cf54', true, 7, '621cce908b1823d75b8d4ac8');
insert into desk (id, active, desk_order, room_id) values ('621cce903d8a72f4a0b2380a', true, 8, '621cce908b1823d75b8d4ac8');
insert into desk (id, active, desk_order, room_id) values ('621cce909f82bfe961bc7d8d', true, 9, '621cce908b1823d75b8d4ac8');
insert into desk (id, active, desk_order, room_id) values ('621cce90f1a7be18ca341218', true, 10, '621cce908b1823d75b8d4ac8');
insert into desk (id, active, desk_order, room_id) values ('621cce90571fb4022a9426de', true, 11, '621cce908b1823d75b8d4ac8');
insert into desk (id, active, desk_order, room_id) values ('621cce904e46ab870add2b1e', true, 12, '621cce908b1823d75b8d4ac8');
insert into desk (id, active, desk_order, room_id) values ('621cce9062a9eb265662bb8e', true, 13, '621cce908b1823d75b8d4ac8');
insert into desk (id, active, desk_order, room_id) values ('621cce90f60cba2689975cce', true, 14, '621cce908b1823d75b8d4ac8');

insert into desk (id, active, desk_order, room_id) values ('621cce90a7b1bbc3793adbdc', true, 0, '621cce908b1823d75b8d4ac8');
insert into desk (id, active, desk_order, room_id) values ('621cce9088b44d8f20fcd012', true, 1, '621cce908b1823d75b8d4ac8');
insert into desk (id, active, desk_order, room_id) values ('621cce9086e8721d214e108e', true, 2, '621cce908b1823d75b8d4ac8');
insert into desk (id, active, desk_order, room_id) values ('621cce90e3e5edd6da643153', true, 3, '621cce908b1823d75b8d4ac8');
insert into desk (id, active, desk_order, room_id) values ('621cce9012d3f98ab61208a2', true, 4, '621cce908b1823d75b8d4ac8');
insert into desk (id, active, desk_order, room_id) values ('621cce90d43848dc1ad6b774', true, 5, '621cce908b1823d75b8d4ac8');
insert into desk (id, active, desk_order, room_id) values ('621cce902cd729d0d12db061', true, 6, '621cce908b1823d75b8d4ac8');
insert into desk (id, active, desk_order, room_id) values ('621cce90d018387e69459304', true, 7, '621cce908b1823d75b8d4ac8');
insert into desk (id, active, desk_order, room_id) values ('621cce902e80a6812f65bb1f', true, 8, '621cce908b1823d75b8d4ac8');
insert into desk (id, active, desk_order, room_id) values ('621cce90530abdbee58c3baa', true, 9, '621cce908b1823d75b8d4ac8');
insert into desk (id, active, desk_order, room_id) values ('621cce908b2c290cdac9ed72', true, 10, '621cce908b1823d75b8d4ac8');
